PERSON_ID,DESTINATION
545,KUV
161,NAY
613,KNO
630,BWI
68,DAM
629,MLU
9,CJJ
42,KWE
804,GRV
897,JNB
119,RST
343,CAN
500,AKT
28,JLN
963,GYD
953,SZX
500,HRB
525,MMX
753,SNA
416,LHR
571,DSA
428,TGD
65,KTW
736,SXM
106,JAX
920,TXL
19,CVG
292,MSN
194,GCM
665,SYR
56,MSP
410,CNX
5,DEN
823,KHV
440,BEY
854,SIN
461,LTS
973,PMO
422,FCO
469,YOW
801,GOT
415,BLA
388,IAH
568,AGP
260,NIM
530,MLU
699,LGG
911,CHC
135,POZ
580,FTW
760,SXF
720,ERI
688,PSA
26,JFK
988,ADD
325,DME
601,VCE
402,PHF
330,SKT
479,MVD
2,MMX
313,FMO
160,PTP
836,PHX
859,AFW
783,GUM
33,LFT
157,DAC
135,MNL
973,TNA
461,SID
293,OAK
662,CHC
243,HKG
335,YYJ
766,SEA
396,KRK
367,PHF
601,BOJ
4,SAN
140,JNB
743,IKA
59,KJA
98,MEX
49,YYJ
251,LTX
319,TUL
250,LOS
24,DHA
300,NDJ
795,AMA
43,CGN
116,GZT
795,BLV
106,DLF
548,GLA
120,SVG
791,TCM
175,PBI
91,MCF
84,GRV
676,JUB
562,SHA
822,PFO
318,BFS
190,DTW
136,LGA
495,DRS
428,CLE
766,VIE
470,SXM
731,SIN
679,ERI
515,NNG
870,NBE
373,SCL
686,FFD
149,SVO
625,LFI
64,LIN
402,HAM
708,WMI
710,VDA
33,HRB
74,TAS
667,DAM
405,TUN
53,DOH
560,SZX
550,TOS
115,BTS
659,RIX
767,LFT
263,FLL
798,AKT
119,IST
456,DPS
878,SLC
556,TIA
685,BAD
408,SNA
849,HER
917,PER
343,RND
376,JNB
929,LKZ
361,SUS
446,BOS
533,CBM
20,PMO
521,JNB
984,PKX
418,HND
919,BFI
493,VPS
958,CIA
602,UPG
478,OUA
548,VRN
695,BLA
807,MAD
433,CSX
835,SUS
175,FWA
439,SUU
150,TLS
381,LBA
254,BSR
174,LGA
657,BZE
780,GOI
129,SKA
885,CLE
857,COK
821,CRW
597,FLN
484,MED
153,MUO
709,EVN
168,CTA
212,FOC
538,NWI
180,SRQ
790,MKE
921,MXP
100,BUD
743,CAE
578,LIT
650,IAD
82,PHX
494,TYN
758,NIM
960,OSN
100,TRV
69,STN
633,LUX
304,BWI
391,SHA
600,DAL
744,ALG
829,CMH
490,TBZ
280,SAW
462,SUB
555,TIK
445,ITM
285,VPS
263,PSA
909,AKL
654,KNO
388,YWG
222,WDH
598,LFT
69,LYS
250,CGH
630,ROC
258,LAD
658,FAI
537,LGW
386,DOH
700,BOG
331,SKG
896,AYT
273,RDU
300,IAH
769,KIN
210,ALC
756,AMS
600,STN
236,MEX
427,GVA
491,LIT
996,LHR
315,PVR
31,END
704,RIC
136,LAS
344,MSN
153,LGG
15,VDA
268,ROC
987,GUA
816,SYD
586,SJC
257,TFN
606,MGM
816,LKZ
226,KJA
683,HNL
331,ORF
153,KOJ
59,HKT
776,PSA
327,ERI
51,BHD
654,CIA
76,DAB
256,DMM
882,CHA
197,BUD
126,LUX
969,HIB
574,FAI
179,KEF
333,GRV
843,GUS
389,CIA
226,HER
410,ERI
922,MRU
262,MSP
70,NAP
0,CMN
579,TYN
183,HOU
150,DQM
630,SHJ
954,ARN
731,MAN
271,CJU
234,JNB
498,VBG
603,EDI
748,KIX
962,OKO
332,BSR
202,CUN
110,LCK
737,ATL
713,DOH
394,HET
193,VNO
535,BGO
371,PFO
369,BGR
69,NGB
240,IAH
849,NGB
697,NAY
825,TER
195,TFS
478,LHR
479,SYX
671,LIS
309,JAN
609,PRN
401,AGP
829,AGS
800,CHS
139,TRI
313,BRU
989,TZX
703,MDL
18,LIM
735,ABV
910,VRA
972,WRB
677,AUS
714,VPS
517,BOM
205,YOW
508,CRP
362,WRB
313,LTS
703,SUU
109,CGO
789,BGY
426,FRU
973,ALC
909,IAD
382,AFW
748,NAP
516,UIO
772,NDJ
941,LEJ
129,AUH
331,CJU
644,TSN
446,ADW
929,DUS
371,SUU
861,RIC
906,TPE
955,TSF
745,OKC
864,ANC
393,PHX
757,CUZ
161,GIG
249,FIH
413,PSA
304,OTP
732,HER
811,OUA
979,LTS
258,RIX
726,MPM
130,BZZ
817,SDQ
611,SOU
758,HAN
610,BOS
597,CID
611,GBE
440,PTP
121,GMP
648,SLC
146,LGW
649,BLR
880,LUF
401,SVG
888,BLL
928,PNH
208,BIL
870,UFA
166,VIE
166,OKO
707,LED
467,DVO
488,PWM
973,CLT
1,HGH
860,CNX
440,AKT
516,TLS
172,BOS
642,LTK
688,BRI
682,VPS
845,PER
942,PIT
237,ACA
956,MPM
138,NRT
703,XMN
402,RSW
411,PBI
516,AER
527,KIX
171,TSF
57,BHX
283,BOH
86,FMO
888,LTS
399,GOA
981,SCL
864,DLM
327,SXF
876,BWI
457,SXF
868,CHA
531,WRB
689,PWM
916,LEX
66,GRJ
791,AFW
48,KWI
766,PER
961,SJD
946,MHZ
460,PEK
321,SPI
155,TNR
979,RGN
703,GYD
885,DEN
339,MHT
252,GVA
631,PHF
899,BLR
334,NKC
528,TAS
296,FOC
968,WRO
693,KAN
287,PTY
988,TOS
566,STN
71,SOU
464,PRN
632,BRE
323,TXL
197,LFI
322,POM
838,OAK
750,TSE
519,GSO
844,GZT
254,GDL
112,MLE
737,CBR
315,CMB
384,GRU
968,OTP
947,NBO
947,MLU
335,NAT
590,SEA
971,LUX
326,GRU
621,CEB
155,ITM
926,SVO
985,SSA
54,KRK
371,LUX
455,TOS
325,ALC
796,CRW
48,ACC
262,BFS
173,ICN
604,MBS
21,SUB
746,CRK
243,DPS
581,TIP
483,DME
174,CCU
661,KHV
919,CWL
575,RST
696,SVX
204,PEK
998,MRS
213,SIP
410,KWI
850,DUR
21,TNA
950,OKA
153,MSN
676,TZX
375,RSW
280,BNE
622,BEG
839,KUV
642,KTM
304,BLL
388,VPS
49,DMM
4,SCQ
441,SJC
757,CJU
672,MCI
333,BLV
648,LTN
425,GUS
724,CVS
950,EDW
361,DYS
34,SDF
36,MIA
67,LCK
827,RIX
352,BAH
978,DQM
474,BZZ
284,CGN
960,SBN
468,PER
433,CKG
789,GIG
531,FAO
707,GBE
399,GLA
586,CBM
545,NAY
882,BCN
438,KIX
715,DHA
999,TLV
641,GVA
556,VDA
872,RSW
754,BRI
932,AUH
831,LHR
588,KWI
301,KWI
176,GUA
539,PAM
924,OSN
728,LAX
929,AMM
299,SGF
478,KHV
595,DSM
544,RFD
500,VVI
593,MDL
398,KNO
354,LKZ
791,SNA
615,SAN
851,DOH
323,CTU
201,PMI
980,PEK
683,YUL
419,FAO
207,LLA
593,KGF
344,PDX
651,PVD
189,SPC
4,HEL
905,MBS
758,OTP
957,XIY
438,CUN
749,TER
610,NAT
689,AMM
583,FLN
673,BZE
275,TYN
535,BLA
505,CLE
215,DQM
56,OSL
808,TBS
703,HET
126,PPT
609,LPA
248,TRI
296,JUB
646,EWR
747,FMO
637,CWL
983,KHV
262,FLN
872,YEG
145,NCE
26,DAR
311,SZX
10,PSA
665,TYS
687,BSB
601,BOD
394,BJV
57,DLH
585,HKT
472,ULN
848,PVG
523,SGF
89,HYD
711,HAM
789,COK
542,FCO
315,ODS
259,VDA
129,BOS
556,PKX
924,LGA
983,DBQ
429,TOS
911,ABV
48,DAB
175,CGK
358,SVX
244,BSB
191,TBZ
528,ALC
830,OKC
586,HER
989,LXR
831,BIL
331,TRV
708,OTP
928,FUK
646,JNB
427,RUH
397,CGH
848,ESB
983,HKG
552,GOT
688,MHT
416,ROV
972,MEL
341,KGF
157,BLV
869,FCO
390,ADD
110,ICN
421,BRU
543,PHX
145,GOI
147,CBR
159,EIN
182,CIA
969,ABV
372,LCK
503,NCL
392,TPA
791,BOS
425,ACA
75,TRD
992,ALA
532,BLQ
137,NGB
985,HND
332,BHX
53,BSR
907,EXT
155,PRN
960,MED
587,GPT
58,RNO
571,GOT
666,WMI
297,IST
25,MLI
368,ALP
241,CGN
425,AMA
805,TRD
423,ACA
117,CTS
191,CBR
179,HGH
742,PHX
987,ARN
55,GMP
292,SMF
587,CLT
19,TLV
473,KWI
101,WMI
728,MDW
981,FUK
854,UPG
952,PVR
695,GSO
890,MLA
106,BLV
982,IKA
556,MED
747,HER
346,YVR
855,HAV
739,ABV
420,OKO
235,MMX
626,LIN
201,PRN
512,CJU
818,JAX
785,VRN
340,NCE
987,ALP
791,PEK
196,BEL
762,SXM
738,YYT
645,RGN
19,BAB
136,MSN
316,SJJ
914,SAN
610,MDW
845,KTW
748,CJJ
536,ATQ
531,LXR
234,HEL
16,SSC
29,CGH
146,ULN
326,PTP
654,KWL
703,EDW
973,RNO
520,FSZ
412,TUS
722,PTY
690,ORY
403,GSP
220,NNG
635,TGD
314,CTS
553,VRN
485,KUF
204,IST
546,CMH
927,BLQ
605,PRN
964,ZNZ
139,SHE
852,IST
226,KHH
74,LGG
381,BLV
191,KNO
591,SCL
570,SYX
570,ORK
68,ICT
822,GSP
205,RMS
854,KHH
81,PTP
73,DHA
867,JNB
206,EIN
155,MSP
6,BRU
999,KIX
568,DAL
860,MNL
829,SUU
1,LGG
903,CWB
768,HAV
929,SAT
877,DFW
808,BFI
351,SKG
357,UFA
749,BKK
402,OAK
13,GRB
638,SSA
269,ESB
387,MCF
116,RSW
977,MED
744,BJV
13,SJC
707,ODS
450,BRE
543,NNG
570,LEX
427,CWB
415,DAB
120,KZN
530,CCU
69,KIN
27,HRK
884,BOS
220,GEG
175,MRU
980,MUC
365,AYT
611,CDG
431,NDJ
211,LED
724,CHA
593,FIH
688,LEX
121,WNZ
127,BSR
546,ADB
40,MNL
618,PHF
249,JAN
573,VVI
724,FMO
705,LHR
255,PHF
622,FIH
915,KJA
117,DFW
167,ERZ
124,GSB
71,LUX
584,ONT
827,WLG
988,ATQ
823,WRO
650,BAH
649,SDQ
296,OKC
680,SDF
656,KUF
49,JNB
514,DLC
73,LIR
185,BLL
285,TFS
337,BFI
926,MLI
256,LCK
404,TFN
896,GRU
906,MCO
696,CLT
352,YEG
918,BRU
479,SHJ
819,CIA
771,QUO
976,CVS
532,CAN
19,KIN
529,DAB
128,YHZ
341,TIA
283,THR
183,TSN
268,MLE
699,MLI
845,VAR
31,CBR
523,ERI
76,MTY
215,ATL
986,SYD
544,CRW
866,CVG
674,YUL
53,CHS
737,FAI
538,ROC
648,HAK
261,MVD
830,DHA
514,CAE
21,NCE
421,REP
884,XIY
837,DLH
594,YHZ
414,MLU
670,CEB
146,HMN
587,FNA
908,NBE
453,TYN
630,VRN
223,ADA
654,AFW
634,NWI
463,KTW
816,CSX
104,VIE
595,TFN
29,BIL
306,VPS
343,PRG
272,ISB
479,DMK
959,CAG
739,SIP
3,TRI
624,VKO
184,SVG
298,TXL
479,NAP
723,PAM
349,ADW
889,LPA
532,ADD
285,OKO
994,CUZ
667,SPS
200,LHR
977,PVG
967,MAN
147,BSB
350,EBB
851,GRU
628,YWG
114,NGO
169,ICN
157,TAS
454,DAB
333,SEZ
53,LEX
143,TZX
246,MSQ
294,BSR
717,SGF
520,VRN
895,SUS
688,MSQ
453,NKC
617,ADD
893,PNH
863,ACC
447,GRV
231,OMA
51,OKO
305,SFO
926,MMX
740,TIK
700,WUH
227,RDU
540,VNO
791,RFD
756,MHT
429,BEL
679,VNO
945,HAV
483,BTS
350,NGB
133,TLS
666,SFO
495,CHA
231,DSA
527,LUX
699,TBZ
300,ICT
192,TNA
881,HAM
683,DLH
840,ITM
432,BOS
296,YYT
934,SPC
938,SEZ
120,LTX
786,ISL
573,SUS
908,KNO
237,LPL
600,VIE
340,CLT
20,BAD
93,VVI
251,SKT
662,DJJ
376,MEL
754,MAA
911,QUO
131,JED
641,SIP
961,FFD
785,LCK
739,MFM
315,KZN
12,VVI
907,END
442,OVB
647,MTY
128,BCN
18,LCA
497,LKZ
291,ZNZ
771,EMA
383,EMA
490,LGA
861,SJU
56,HAN
555,GRV
141,CVG
602,BZZ
614,PAM
947,CHC
441,HMN
222,HAN
315,MNL
782,DOH
971,LJU
152,ONT
50,BHX
752,NKC
275,LKZ
965,BEL
780,JNB
120,LYS
750,CTS
149,NUE
653,ACA
51,ORD
137,DLH
257,SXF
962,CVS
512,BOO
935,VRA
196,HKG
590,OVB
424,DNA
702,EIN
467,CLT
414,LAD
599,CUN
999,EDI
102,ODS
940,DTM
846,CMB
910,EWR
788,CIA
995,SRQ
42,IAH
449,REP
475,MCT
271,SGF
802,BOM
638,PMO
469,SFB
2,TAS
68,SNA
535,ULN
785,HNL
396,KJA
678,HGH
709,KOJ
500,PPT
283,BZZ
783,BAD
195,XMN
573,CHA
666,ALC
399,GDN
3,ERI
992,SDQ
680,EWR
251,VDA
260,VRN
63,ALC
931,ASB
567,DHA
199,HSV
412,GOI
357,HRE
219,GPT
967,SDF
911,MAN
720,LPA
170,PVD
606,EDI
532,BHD
814,TOL
623,ZAG
295,GPT
631,MBS
66,WNZ
944,DJJ
741,LEX
804,CGK
879,GYD
230,DAY
1,SYX
345,XMN
533,EXT
330,BNA
830,LFT
949,YHZ
512,HND
436,GOI
778,IKA
342,CAE
347,DSA
901,EMA
156,PDL
418,MLU
843,DLM
835,PIA
770,BGO
155,GUM
327,PVG
897,HEL
815,GBE
679,END
427,ADW
21,DLC
992,HET
406,CHC
538,DBQ
81,ZRH
950,TFN
376,SGF
855,ADB
510,AER
694,FIH
7,TSN
743,BSB
90,BFI
586,CJJ
896,BNA
635,DME
71,ITM
989,BLL
816,ADB
367,BAD
311,KTW
589,WRO
288,DAC
334,SUX
373,WRB
443,LXR
18,NAT
794,KHH
675,CHA
832,UPG
435,TUN
469,CVG
763,SZL
536,LBB
790,DYS
135,BLR
939,WRO
382,ABV
853,BZZ
682,ORY
508,STN
770,ORD
742,NRT
398,YUL
909,AUH
35,MHZ
76,WRO
402,GRB
992,DAL
194,SYZ
886,KIX
32,HAK
64,MCI
433,ACA
1,TBZ
849,RFD
991,MHD
145,PUS
602,DPS
710,BFS
823,OKC
818,SAT
819,MCO
304,MLA
488,FLL
507,JNB
901,MXP
705,SAW
523,EIN
915,HGH
275,MNL
399,SKP
166,CAI
352,BEG
365,TPA
452,FMO
586,DWC
673,SLC
429,LIR
515,AER
172,EZE
382,ZIA
340,GIG
789,TIP
706,BDL
171,CAE
904,LIN
89,SCL
767,SYX
105,RFD
970,BOG
689,ORF
110,LTS
497,LGA
419,EZE
970,HMO
465,MIA
46,JNB
691,KGL
340,ERZ
199,TYS
652,MED
787,ROV
605,FKB
545,GUS
490,JUB
243,TIJ
707,MMX
267,LOS
170,NAS
439,GUA
429,MEX
407,JNB
562,KTM
535,LAX
673,KEF
76,MNH
975,RST
402,ADD
186,DYS
619,PVG
83,MMX
381,CWB
330,TLS
9,MBS
77,ABZ
907,RGN
776,EMA
578,BHD
686,BHM
822,ANC
388,KRK
657,TUN
737,HAM
47,BEL
633,CGO
599,TLS
273,CRK
164,VIE
669,SYZ
933,SZX
667,PEK
759,BEG
90,PVD
452,SIP
711,NWI
760,KHV
873,ROA
824,LBB
895,ARN
609,DKR
919,MVD
835,JAN
128,ALC
611,ASB
287,END
319,CGY
100,BOH
247,COS
735,HAN
403,ORD
907,KEF
256,SJC
172,LCK
594,VBG
728,VIE
656,MED
789,GBE
934,JLN
461,SOQ
507,DUR
665,DMK
292,MUO
642,MMX
175,BRE
217,HAV
176,AUS
451,BHX
429,MNL
405,HOU
116,HRB
412,PWM
252,SHJ
225,SDQ
261,BRS
228,MDL
357,CVG
565,SAW
630,ICT
585,BEL
477,DMK
178,BNA
214,KAN
102,MSY
622,BHM
868,CNF
686,DOH
736,NCE
881,CGO
722,WRB
63,ALC
963,VRN
791,GVA
354,TLL
73,FAI
550,JNB
870,PKX
738,TIK
655,CLT
820,ROB
779,KBP
168,CAN
721,SUS
527,KHH
67,BEL
708,LIT
142,ACA
769,ZAG
952,VVI
463,DHA
711,JNB
206,LKZ
419,TPA
202,EXT
405,NIM
853,BWI
923,CGN
199,FAO
443,GOA
774,MCO
557,MEM
463,OKO
806,SYD
59,GOI
103,GYD
289,GOI
123,UFA
412,BWI
798,POM
622,PRG
755,TER
855,DAD
780,BDL
17,KBP
591,VAR
54,WNZ
267,TIJ
38,HEL
57,PIA
38,BSB
738,LUF
696,SCL
142,NNG
628,HER
817,DEL
711,ANC
282,RMS
535,CIA
972,AGS
754,YYC
414,EBB
785,SKG
739,SCQ
472,OPO
169,LOS
925,VRN
318,DYS
808,BOI
10,WUH
270,FAO
402,MCF
802,RST
386,ROB
458,POM
333,SHA
179,BOJ
970,GSB
559,ROB
210,OMA
114,RSW
414,MSY
781,ADA
446,DSA
862,CCJ
773,TRD
15,TUS
626,SOU
179,KIN
354,GRB
858,CGO
682,WMI
65,UIO
461,OVB
677,PVG
994,CLT
565,SNN
421,STN
868,UIO
773,WRO
95,SFB
926,RSW
147,MRU
596,SAL
812,YVR
328,MCF
818,PHL
118,DJJ
214,WDH
931,VAR
409,VPS
466,SVO
881,CID
613,CSX
467,FKB
254,SVO
647,CMB
56,GLA
698,GUA
509,MEX
977,ADB
39,CMB
893,SLC
662,KZN
407,CAN
515,VDA
517,PKX
418,CLE
10,FFO
298,BSR
444,OUA
564,FSZ
841,AAL
674,BLQ
394,KUF
837,LYS
966,ALA
652,MTY
826,OKO
690,HRK
721,FAO
833,DXB
847,MIA
592,DNA
558,LBA
913,CTS
272,AMM
610,SBN
463,MSY
242,CAN
898,LIM
467,ISB
410,KRT
5,AGS
734,TUS
674,DFW
494,ICT
321,KMG
540,CBR
18,KZN
999,ORD
475,SAV
959,VNO
279,AUS
578,SAW
549,TLL
787,HAM
808,ATH
414,CCS
570,TLS
18,TIK
983,HER
479,DFW
670,STR
814,SZL
920,BOG
859,EVN
513,SYZ
176,FFO
396,CTU
396,SAT
357,FAO
94,BOD
84,BAB
219,HYD
697,MRS
638,LEJ
171,IKA
109,SAW
113,JLN
954,MSN
217,DAC
939,BOI
614,NGO
212,RMS
87,SFB
611,MAA
985,SPS
763,SDQ
81,AER
60,CUN
962,PMO
830,TLL
28,CAE
236,MEM
228,MBS
776,YYJ
781,PUJ
176,URC
338,GYD
39,DSM
197,ADL
851,BSL
667,DSA
934,CNX
179,MHD
594,PTP
603,LIR
703,VRA
887,CGK
646,DWC
171,CNF
616,DAC
903,WLG
47,WDH
797,VCE
963,SHJ
545,MHD
45,KMG
115,NAY
980,PDL
585,NGB
701,VBG
470,TRN
196,NAY
512,MSP
905,AUS
522,VNO
838,WUH
80,CAN
329,CMB
253,PDL
125,TYS
341,TAS
689,BCN
575,THR
778,PKX
133,MDW
431,HND
49,ROC
730,EZE
9,ORY
294,NAP
504,ZNZ
919,LHR
179,KWI
7,TSE
729,MRU
257,PER
883,IKA
318,TYN
204,CWL
848,CRW
580,CBR
776,BNA
791,GOT
786,HAN
307,SJD
702,TBZ
285,MNH
721,BUF
464,YWG
158,MAD
379,SVX
132,VRA
888,HGH
236,MRU
851,DHA
516,HET
846,OAK
704,NUE
823,EDI
50,HND
16,HOU
521,MTY
929,TOL
66,FKB
224,CVG
822,ADA
75,FMO
611,CNX
436,FMO
561,MHZ
242,CNX
327,GOI
794,DCA
73,POM
172,ORK
993,KTM
149,PRG
292,TRN
956,PUS
851,MXP
331,TUL
5,SAT
941,SFO
861,WAW
296,HTS
802,GUS
468,ONT
240,TSN
366,PWM
670,TOS
753,DMK
389,LPL
170,CDG
867,COK
904,FAI
15,MEL
524,SUS
728,LAX
45,DAM
47,GBE
356,MHD
126,BJV
108,SCQ
279,TOL
992,LKZ
572,BOG
498,BRU
824,LTX
57,BDL
643,LTN
204,TLH
452,LXR
363,DTM
398,WNZ
207,PHL
169,DHA
241,EZE
146,CVS
307,NAT
941,TOL
307,YYJ
272,NCE
55,RST
971,LAX
495,BUF
683,OSL
140,TSN
919,KNO
93,SHJ
242,MCF
292,KRK
904,CGO
391,SAL
186,BIL
232,JNB
139,ROC
626,BFS
77,NAP
548,GUS
189,KIN
83,CLT
593,RST
551,SAL
39,MBA
62,MAD
346,DMM
782,CAI
218,GVA
718,DTW
631,LFT
516,SKP
126,CTU
598,SGF
668,DKR
901,LTX
712,SUX
695,PFO
68,LFT
780,LIT
479,SFB
157,BAB
49,MAN
693,TFN
784,DBQ
180,EZE
231,HNL
659,MNL
974,CKG
256,FIH
161,PEK
668,ABZ
802,AAL
550,LUF
554,CGK
12,TER
209,HAJ
713,LUF
996,LXR
681,MCF
209,ESB
860,CGO
331,DPS
509,ISB
180,SSC
510,MLE
84,BAD
811,SKA
27,KIX
701,OTP
127,SJJ
935,DMK
59,IST
398,VRN
310,JAN
671,GMP
931,HRK
292,ABV
834,LGW
175,CGH
936,NDJ
110,GUM
383,PVG
211,NKG
655,SFB
16,TLV
59,SRQ
146,MEL
434,IST
670,MLU
598,LEX
742,CMB
652,BAB
342,SNN
178,BIL
195,MUC
675,KWE
950,TLL
182,YWG
285,HGH
844,FSM
506,PVG
40,SVX
139,SHE
75,TLH
184,TLH
310,VKO
662,FRU
235,STN
543,BZZ
871,CCJ
382,FFO
340,NAS
464,RSW
785,JLN
769,ZNZ
35,SNA
410,SXM
808,DTM
986,ONT
425,DOV
547,HAN
511,BOS
645,GIG
717,BWI
760,CRL
759,GOI
515,AER
621,TLV
281,BOJ
432,CRL
643,LJU
22,BOD
994,ISB
512,SHJ
624,BEY
534,ARN
343,DMM
562,CGO
187,KAN
748,LIR
376,LAX
767,NRT
407,DYS
223,REP
432,DYS
184,EIN
640,DTW
570,ODS
147,ALA
100,CIA
206,TPE
623,DVO
979,HER
378,LTX
867,BAB
822,LJU
596,YOW
100,MCF
694,BTS
979,EZE
805,SFB
101,OKO
456,TUL
269,GOI
191,SNA
241,AER
294,CGO
974,VIE
715,NWI
263,GCM
177,NDJ
190,PAM
849,MEX
992,SSC
232,BFI
635,ADB
483,FTW
427,RDU
633,SFO
393,PBI
832,ROA
129,DYS
398,BWN
341,CEB
384,PER
187,ZRH
748,MOB
403,PTP
116,TOL
544,AGS
858,ADL
335,OVB
861,SID
492,DEN
456,BOJ
310,RND
916,VVI
766,ABV
71,CGO
235,TUL
247,FFO
752,CRL
474,MRS
703,HTS
818,HKT
22,LLA
967,OVB
514,OAK
994,CHA
148,PFO
862,EIN
25,SCQ
821,DAY
417,JNB
767,NCE
225,BWN
732,CMH
322,CMH
890,RIC
54,TRD
866,LIN
831,CGH
946,MBA
107,END
711,EIN
938,DTW
542,DAY
95,BRU
812,QUO
729,CTA
829,AUS
855,BFS
144,ROV
446,DSS
907,TXL
30,KRK
248,DBQ
875,MMX
725,CPH
496,ATL
77,RMS
448,DCA
669,SJC
630,DEL
30,LCA
985,XMN
702,ADB
935,BTS
150,LTK
893,VVI
287,VRN
204,LTN
93,RUH
660,GPT
322,SOQ
388,SKT
635,ACA
372,FSM
863,HRK
555,ERI
650,PDX
868,PVG
771,FKB
752,ITM
474,ORD
681,MBA
438,MSN
439,VRN
667,GRV
689,FLN
776,AAL
450,BGR
576,LIT
469,TIK
803,SYD
924,PIA
383,EIN
864,BRS
826,TOL
410,RFD
635,SPC
560,AVL
776,BDL
655,ALA
27,EWR
10,ADL
974,SZX
350,BIL
92,LOS
421,MEX
225,ESB
517,EXT
685,DAD
205,GUA
650,UFA
984,DNA
737,MBS
245,SFB
716,MNH
677,YYJ
77,FRU
109,KNH
524,HMO
874,TNA
846,ULN
191,SOQ
144,KIN
611,PBI
340,DSA
502,GRV
546,DYS
734,BEL
754,GRU
950,URC
66,ERZ
412,SJD
660,CVS
179,JLN
143,ISL
425,CGY
913,BLA
498,BOH
913,BLV
746,DLC
277,TBS
323,CRK
842,LOS
668,SRQ
266,BLV
668,BAB
320,TLV
600,MLU
627,LLA
521,KRK
63,DAY
627,SXM
549,AGS
392,JUB
553,KWL
237,PRG
632,HKG
479,CVG
868,GOA
254,HSV
982,SIP
879,ALC
762,CVG
404,TGD
161,WUH
462,LUN
321,BWI
560,KUV
240,WNZ
563,DME
921,MIA
773,AKT
746,MLE
308,IAH
976,TIA
153,BSB
763,MBA
475,FWA
571,BLA
283,SDF
916,JAX
221,BZZ
877,SGF
532,KNO
658,ATL
99,XMN
814,DSM
465,CHS
714,SIP
726,MOB
768,PIT
889,RFD
418,MED
554,ACA
494,YVR
48,END
399,NIM
40,GVA
343,CNX
250,ADL
919,YHZ
14,PPT
226,WDH
129,VRN
632,LJU
866,YYZ
6,LAS
127,ALA
940,JED
162,TUL
710,MUC
783,KMG
532,OKC
664,DWC
478,NAP
402,ORF
919,LKZ
419,SFB
386,CTS
67,TYN
17,LAS
418,BRU
340,WDH
295,SOU
341,CTU
579,CMN
446,FSZ
447,DEN
867,HAK
236,MFM
557,BAD
540,TSN
48,NCE
144,KIN
337,NCE
757,LBB
18,DLF
15,LGG
70,HGH
361,HIB
631,SKA
629,GOT
244,SOF
976,PRN
898,BOH
29,DEN
846,HGH
601,NRT
915,FWA
541,CHA
478,ASB
524,HRG
618,BGY
863,ONT
436,CGK
417,MAD
499,PER
904,TUN
211,HTS
267,KJA
292,LIR
121,VVI
543,RFD
51,CPT
891,SJU
687,PBI
371,ZAG
25,NWI
267,MSY
84,GUA
598,GRJ
66,SVO
749,MMX
995,PTY
195,SZX
449,PIT
62,BGR
953,BLV
597,TBZ
368,GRJ
78,PWM
453,LGA
861,ZIA
547,TFN
84,RFD
306,BWI
972,NNG
575,TRD
762,ORD
945,NAP
205,ORD
799,TBS
396,TER
582,BGY
441,FNA
100,CGN
959,PIT
245,PUJ
112,DEN
36,FRU
756,DUS
632,NIM
531,SGF
144,JNB
611,GOI
617,DYS
858,LLA
818,MVD
8,CWL
244,WDH
772,TNA
947,LKZ
522,FNA
690,UPG
996,YYT
316,FOC
658,FSM
441,EDI
814,BUD
874,NNG
174,DOH
506,ORF
845,ALP
984,MBS
700,FMO
651,CTU
409,REP
574,LUX
238,BUF
867,ALP
296,POM
656,WAW
647,XIY
290,FMO
274,RMS
644,BHM
4,TLV
530,BNE
42,RSW
906,NBO
140,TNA
583,TPA
744,END
460,LXR
640,BLR
904,PUS
761,SKA
390,WUH
627,YWG
610,HAK
865,ZIA
441,CGK
170,MED
887,JNB
114,EIN
488,TUS
782,ORF
546,FNA
574,GMP
606,DME
916,POZ
184,TLH
325,DWC
374,PUJ
208,YWG
158,DAR
787,CWB
659,SZL
477,LGW
186,CDG
774,CHS
129,DUS
951,GCM
605,DUS
150,CWB
711,MLI
835,CTA
751,LFI
380,BOD
78,DJJ
86,FKB
171,ITM
612,GYD
876,AGP
768,DTW
325,DLH
705,PIA
878,SJU
807,TER
83,HIB
562,KIX
418,HAN
554,ISL
886,CMB
322,BWI
377,AUS
688,HAM
526,SKT
323,TSN
548,HAM
81,GDL
375,DAR
668,GEG
731,WDH
567,GDL
798,CHS
136,TNA
416,SFB
706,KTW
711,BLL
554,SJU
278,GCM
969,SJU
257,MHD
797,YOW
939,SCL
486,ORF
557,RST
461,KTW
24,MKE
57,CJJ
310,FNA
446,EDW
187,LAX
808,DUR
839,SGN
231,SRQ
536,MCI
966,LAX
428,SDF
210,TLV
177,MRU
712,SYX
182,NGO
534,MUO
914,WRO
527,DAB
77,SYR
312,TNA
639,GDN
274,LUX
646,JED
51,CBM
989,TER
62,GDN
796,VRN
664,DAB
113,VCE
872,SJD
134,GLA
247,BHD
374,BOS
190,MNL
536,XMN
651,MSQ
66,SID
564,OMA
13,MBS
262,EBB
893,IAD
834,JAN
328,MCI
914,ANC
424,FWA
33,COS
927,PHL
822,LGG
991,JLN
790,ICN
495,VKO
247,KRK
957,SPI
323,JNB
862,BIL
325,LIM
29,PRG
103,ISL
235,AMS
112,HRG
206,IST
536,VBG
958,BSR
7,BSL
61,LCA
239,DUS
615,CGH
990,BRS
166,END
660,ALG
47,BAH
763,HRB
787,BWI
839,SPS
764,BZE
654,VRA
454,YYC
108,GZT
137,CRK
85,BCN
744,KGL
153,PSA
199,DLH
860,LCA
485,KHH
671,DTM
322,RMS
582,CMB
498,STR
285,CRW
582,PEK
492,ISE
906,TBS
884,LEJ
701,BGO
410,VKO
672,HND
937,BOM
997,DMK
566,NGO
958,LKZ
882,IKA
684,LBA
778,CTA
106,PBI
151,MSQ
284,GDN
602,GSB
684,AMS
712,GRV
873,ZNZ
303,LCK
611,PMO
289,EDI
309,VAR
707,WRB
841,ADL
950,XIY
867,KOJ
680,TUL
85,YUL
819,AMM
407,GDL
192,MHD
580,OSN
479,LFI
690,BNE
712,CRP
745,MNL
808,CTS
446,UFA
551,SVO
470,HRK
631,GVA
499,KBP
643,OKA
76,EZE
35,JNB
862,BEG
643,FIH
5,BGW
565,CIA
140,FSZ
155,DOV
14,LUN
856,ERI
301,IND
214,ONT
156,ADB
122,NNG
6,ICN
642,TUN
357,WDH
78,FWA
624,TOS
228,UIO
849,ARN
815,CCJ
142,BTS
696,OSN
980,SYD
846,CWB
3,CGH
464,NNG
570,PIT
911,MUC
364,KHH
727,RST
66,BOG
719,MEX
703,GCM
315,AFW
31,NKC
411,YYC
96,MMX
72,JAX
335,GRV
963,SYD
175,ROV
630,FLL
805,GOI
814,TFN
258,SEA
350,SKA
99,GIG
854,KRT
21,ADA
237,VVI
605,KAN
987,NGB
370,ONT
204,TRV
351,BSL
263,RND
982,SPS
546,EZE
199,NNG
340,JNB
735,THR
908,HAJ
907,EZE
413,GVA
812,GBE
272,DUB
65,CUN
550,SIN
747,SAV
656,CBR
56,TLV
753,MSY
966,BRE
853,LJU
23,BRS
719,MMX
636,SMF
494,ALC
500,SDQ
171,TPA
99,ALG
368,KUV
169,SDF
903,OKO
665,YUL
211,SVX
866,SDF
616,SZX
954,BEL
626,GPT
70,ATQ
809,GSB
484,NBE
30,GZT
794,SYX
500,EDW
793,BWI
544,ALA
400,PVD
128,VRA
589,SLC
69,AFW
386,TOS
447,WUH
646,IAH
895,BDL
148,TFS
91,BGO
135,HYD
946,TBZ
587,EXT
999,PMI
612,LPL
740,VDA
859,CHA
660,JUB
470,OKA
817,RGN
945,UIO
669,ULN
715,GRU
160,AUH
346,FAI
236,LLA
709,SHA
376,DWC
488,BLQ
654,VDA
676,KUF
762,SDQ
77,CJJ
38,KHH
119,LKZ
815,TIP
827,SPS
175,OPO
800,REP
660,HRI
802,TSN
864,FFD
281,DAR
411,DRS
516,SBN
191,BEG
485,GRV
385,WLG
542,HMN
481,LYS
347,MCF
673,CSX
586,DEL
339,TRI
808,SGF
614,TOL
78,AKT
920,CJU
90,CBR
253,AUH
285,SXM
811,SBN
464,VDA
786,CJU
603,BMI
646,GDN
326,TLV
90,MGE
478,RUH
673,MCT
661,ODS
186,TIK
276,DBQ
677,MCT
602,WUH
497,FNA
111,MPM
930,KHH
513,TPE
810,MIA
252,TZX
673,HRK
651,IAH
763,FUK
818,GRJ
573,GVA
669,MSN
408,ROC
646,AUH
381,OTP
83,TSF
682,GRJ
592,CPT
818,PDL
595,MSY
746,FTW
308,SGF
33,CCJ
668,SDQ
274,KUV
105,DUB
686,ZNZ
948,DYS
884,BKK
376,MAD
388,EMA
431,COS
714,BOO
904,KBP
623,GSB
32,HAV
10,PTP
857,TIP
727,OVB
590,SAV
433,ADA
96,PHX
723,GDL
475,ISL
821,VKO
213,BLL
281,ATH
152,HER
105,MRS
827,SOQ
299,SUB
648,FTW
540,PRG
406,DLC
112,MRU
112,MXP
206,TRN
822,BLR
876,EDI
139,SRQ
162,SUS
157,DMM
201,KEF
8,RDU
812,EDI
862,YVR
365,JNB
954,HRG
740,MSN
823,TRD
552,BCN
49,BKK
437,HSV
620,GRU
92,CAN
367,BCN
567,MCO
882,RGN
640,MEX
825,TIA
29,DAB
871,DYS
80,LXR
70,BKO
432,UFA
637,DVO
29,MFM
894,CID
826,CLT
952,FMO
407,KMG
197,ATQ
966,SXM
922,MXP
359,BMI
133,LGA
273,DQM
519,MFM
517,TNR
938,YVR
609,AUS
822,LGA
115,PRG
71,BFI
238,MRU
827,NKG
881,ALP
216,GRB
486,TYN
313,CTA
280,MXP
357,AVL
367,BFI
667,PWM
512,TRD
853,PHF
529,LTN
59,BSL
838,MXP
881,ZIA
225,LFT
559,MLI
412,ORK
678,ORD
752,JFK
321,BOJ
33,DME
506,PWM
565,ZAG
168,EWR
148,ZIA
515,KOJ
457,PWM
253,STN
962,HAN
172,JAX
377,RDU
267,PBI
236,BGW
502,TXL
447,RSW
439,JAN
244,BRE
215,SCL
635,ITM
734,CJJ
346,SZX
18,OPO
241,MTY
496,CJU
536,KRT
156,GUA
207,DKR
87,CID
835,OPO
484,SDQ
865,CGN
887,ROA
434,DOH
172,EDW
580,FFO
469,IST
190,LUX
628,RDU
781,OSL
111,DSM
230,DME
169,CAG
664,ABZ
716,TER
64,CAN
913,GVA
323,DAD
945,TZX
837,SPC
686,LIN
682,KHH
906,HAK
243,GRB
822,BHX
235,PKX
907,WRB
367,ZNZ
227,DQM
244,SCQ
745,JAX
610,LGA
232,BWN
877,KJA
712,SMF
462,CUN
821,BLL
625,OSL
722,DSA
174,MLU
962,KRK
591,WMI
181,LCA
598,DWC
870,PVG
946,CRL
13,ROA
819,MUO
550,BNA
533,CTA
606,KMG
276,IKA
342,KIN
623,BAH
997,SCQ
515,ROV
197,KJA
932,HNL
307,GMP
597,KWE
318,OUA
985,JAX
730,LGG
632,GOA
208,GIG
491,KWI
584,ZAG
311,CGO
970,MBA
167,HRI
686,GUM
99,CRW
697,DAB
453,YHZ
284,KTW
860,WUH
866,BUF
3,YUL
410,GMP
130,JLN
642,ROA
20,CRP
540,CMB
869,RFD
997,MEX
561,SYD
449,NAP
380,SGN
372,VVI
109,LED
425,DAL
441,PFO
491,DRS
870,URC
184,FCO
789,WLG
468,OKC
459,SLC
203,RGN
635,BLQ
781,JLN
985,YYZ
603,CAG
289,GLA
955,JAX
701,RFD
739,DOV
707,SID
216,PEK
616,SXF
10,NCE
402,TRI
720,LGW
444,SZX
511,LED
271,CNX
81,BUD
707,SZL
506,GDL
543,LGA
999,ORY
354,IND
629,KNH
486,GBE
843,OAK
733,RGN
905,VKO
570,KTM
793,TNA
42,BZE
579,PUJ
172,YYZ
583,CSX
607,POM
524,LIM
389,TBS
641,BOM
646,KBP
274,CMN
558,YYJ
298,TYN
10,SOF
348,RAR
931,SKT
659,SAT
725,MHZ
457,ESB
872,FCO
358,LFI
133,CMB
171,SEA
956,FTW
194,TBS
617,CMH
564,BOG
426,FUK
351,SKG
465,BOH
185,ALP
549,COK
251,SAV
478,DAM
583,VCE
274,BLR
622,ORD
38,LBA
580,SKT
577,EWR
29,ASB
913,KTM
537,KTW
21,ZNZ
635,BRS
637,EZE
178,CMB
549,ERZ
407,NAY
37,KUV
460,VIE
451,TLV
650,ZIA
303,BEL
542,OVB
247,LHR
812,ROB
597,HNL
907,SAT
185,CTA
473,GUA
810,SRQ
31,SVG
104,ORF
838,MRU
761,TOL
341,VBG
848,AFW
53,GOT
487,DLC
249,AFW
928,KWE
558,LED
732,PNH
247,GSP
779,KOJ
717,TNA
41,NUE
673,IND
11,GDN
689,OMA
303,DPS
813,UPG
42,FMO
927,GUA
96,MAN
695,PER
416,CAG
377,FOC
375,FAO
720,CTA
772,MCI
330,IAD
460,PKX
497,SPS
185,BGW
420,GZT
0,ADB
955,BNE
956,GOT
212,RIX
218,NRT
951,ONT
852,PHF
471,VPS
579,EIN
645,LUN
458,AKL
75,TGD
515,EBB
655,AMS
501,WRO
674,PDL
910,AYT
106,ARN
767,NBO
724,FLN
439,TSN
453,ATL
683,KGF
144,TUL
114,TIP
412,DLF
1,TLS
757,LIR
661,DAD
21,SAW
862,ZNZ
580,DAR
506,CHC
863,ADL
171,TYN
774,SEA
407,AYT
995,KBP
834,PVG
643,ACC
396,BJV
479,MKE
38,CMH
534,CRP
35,RDU
537,NAS
611,DNA
642,NAT
739,ERI
641,CEB
315,HEL
248,TRI
751,BUD
896,MAN
746,MOB
402,MVD
91,BAD
36,LIN
207,LLA
211,AVL
734,MNL
633,PVG
638,ADA
352,AMM
758,SBN
184,TSN
543,DHA
672,LKZ
766,KWI
403,HRB
390,BLL
381,OSL
167,IAH
657,CJU
10,JLN
167,HSV
179,ALG
763,YUL
278,NNG
383,ABV
17,VNO
315,KZN
550,BAD
822,BNE
818,HAV
295,GRB
816,CNF
140,DTW
54,NAY
486,LIR
719,AUS
31,VCE
375,SCQ
927,SMF
400,TYS
745,BOI
483,DRS
912,RMS
50,RNO
945,VVI
460,YVR
447,YYC
512,VKO
81,CJU
241,KOJ
673,UIO
925,OAK
701,ABV
875,QUO
861,FAO
547,SNA
15,ABZ
566,CTA
343,HRK
786,LPL
831,LEX
222,KRK
229,NCE
213,MRU
147,PRN
687,CGK
860,HRK
847,ADA
0,BGO
55,TLL
868,TLH
574,TFN
963,KBP
731,BUF
44,TLL
271,OAK
317,CID
677,LEJ
30,FLN
195,GRU
265,BHD
292,SAT
994,GUM
243,MWX
152,DSA
536,OKC
762,PPT
991,MMX
279,ALA
514,SZL
280,GBE
528,CLE
779,CSX
233,BSB
660,AKT
125,LXR
261,DTW
533,ALA
597,SPC
786,TIJ
983,NAP
935,BOM
79,PUS
922,DEL
621,NCE
120,BGW
10,GPT
325,TGD
89,PVR
389,LKZ
856,NCL
606,HTS
494,GRV
783,BMI
17,URC
436,DAL
420,CIA
123,ORK
93,MNL
612,NAS
165,SNN
697,SCL
838,GBE
597,CLE
250,EIN
373,NWI
870,GVA
409,BGR
233,NAY
211,MCO
922,CIA
796,MAD
714,SIN
514,PER
919,LGW
92,FWA
236,KZN
473,DWC
271,TNR
902,BOD
722,KGL
438,LLA
296,ABZ
565,RGN
923,ROC
31,OUA
992,MIA
246,TYN
989,CCU
41,VRN
981,VDA
528,WRO
195,AER
5,TRI
889,LLA
122,BAD
914,POM
701,BOJ
292,YYJ
652,SJC
760,CUN
689,SUB
780,STL
65,MLA
674,FLN
782,DVO
279,KWL
333,LFT
536,EXT
174,MBA
243,BCN
786,XIY
485,DTW
386,CTS
441,DSM
560,PVD
16,MPM
564,SUX
110,NNG
77,SOQ
390,RSW
762,KWI
844,LAS
926,YEG
187,PWM
395,FUK
17,BAD
303,HRI
24,AYT
377,CGN
857,SMF
841,SMF
833,SOQ
483,CRW
662,MBA
201,TLV
973,MOB
124,FUK
17,ADL
70,CGH
288,POZ
655,DMK
419,GOI
265,KTM
85,TGD
376,ERZ
668,YWG
189,HRE
680,CVS
0,PVR
482,CUN
599,GPT
617,FTW
864,SKP
336,CWB
178,TRN
738,PMI
710,SAT
802,DEN
93,WLG
467,KIN
140,ZNZ
873,DAR
211,KRK
64,XMN
890,AFW
915,BJV
713,GVA
85,MHT
684,IND
414,VVI
545,BOH
425,SEA
131,SXM
927,BGY
456,CCJ
49,HMO
839,CWB
240,DAB
629,IST
727,LEJ
962,TIJ
775,PIA
545,ODS
179,VKO
15,ADD
552,KZN
601,BKO
162,TOS
884,MEM
373,ESB
422,YUL
720,SAW
867,SYZ
443,TSF
541,THR
654,LTX
350,DVO
793,GLA
329,ORD
102,GSP
302,DWC
530,HAM
29,ONT
602,MBS
298,MMX
758,ISB
842,CNX
200,FAO
787,MHD
583,CGO
959,LIT
220,FWA
20,PKX
403,NRT
934,THR
518,SGF
978,TCM
16,BNA
937,ATL
589,YEG
577,GPT
257,GSP
604,FAI
835,HGH
654,TPE
36,KAN
42,ATH
280,DSS
150,PPT
866,VNO
294,TOS
582,DMK
271,BAD
645,HRB
361,BNA
420,MNH
426,BSR
40,OSL
910,SUU
417,PRN
625,AVL
934,GZT
714,PKX
528,MED
25,MBS
556,LIT
684,MLI
52,PRG
88,SDQ
691,BOD
430,WAW
774,LUN
119,PTP
48,LOS
888,BRI
915,DVO
213,PMI
838,THR
153,MHT
184,NBE
450,KGF
513,EBB
99,ALC
771,LBB
694,DHA
441,GEG
856,BOH
510,EDI
442,SUB
77,PAM
900,ERI
872,MHT
844,GOT
986,HAN
968,SJU
750,GRV
681,BGY
122,KGL
99,RSW
631,JNB
619,NAP
398,HSV
355,RGN
383,BGY
232,SKA
533,KNO
187,HKT
36,SIP
77,SCQ
185,TIJ
220,DTW
531,MMX
205,MEL
573,FSM
470,HGH
200,NCL
934,JFK
414,TOL
98,BNA
919,MVD
975,ABQ
384,BAD
704,BAB
717,THR
131,SJC
899,CHA
290,HRG
498,ADD
446,SHA
87,NKC
631,MAA
64,ZRH
131,CKG
924,SNA
459,TER
574,TRI
606,ERI
875,LAD
675,KIN
503,BRI
784,KIN
925,ISE
36,SVG
975,DMM
990,EWR
399,MFM
724,FLL
59,JED
858,NAP
918,DAC
30,TFN
477,JUB
319,TAS
502,HAV
132,MEL
823,UPG
0,DAM
445,LAX
89,CJJ
524,LTX
968,HEL
29,BCN
28,HAN
213,TLV
832,WMI
58,GRV
574,SBN
867,HAN
516,MMX
569,NNG
273,DAL
463,GSP
800,SAL
997,DOV
304,ORK
569,THR
858,DMM
54,BWN
884,PER
845,SXM
474,BMI
689,ADL
264,SZX
172,MSN
746,SOF
184,CMB
641,LIN
599,XMN
406,ALA
679,BFI
119,ERZ
490,PAM
811,GVA
159,MFM
479,CTU
680,BZZ
285,SCL
704,BGO
438,WDH
474,EWR
559,SGN
372,JAN
549,LIM
5,STL
818,CDG
234,OUA
152,BRU
566,OSL
489,ACC
929,FSM
145,URC
275,ASB
270,RFD
429,HIB
928,ANC
972,JFK
101,NAP
109,EXT
140,AMS
32,BOS
283,SEZ
878,GRV
173,TCM
704,TRN
173,LFT
657,XMN
367,ATL
714,HEL
614,SJU
9,TOS
160,AFW
855,FMO
555,BHD
565,LTN
175,ERZ
290,BJV
377,MHZ
184,DOV
698,SKT
741,HSV
26,BUD
848,RSW
179,DWC
62,GOT
853,BGY
194,DQM
429,NKC
245,BNA
416,HRK
761,CHA
93,FSM
993,OKC
400,ROV
646,FFO
398,DUB
515,TOL
407,DSA
626,LCA
509,YYT
348,WLG
525,SCQ
560,EWR
140,DAY
517,RIX
354,BLV
821,HET
604,ISB
658,EVN
818,MXP
524,VRA
730,PDL
682,DCA
397,CWL
173,CGK
782,CAI
222,KZN
641,ZNZ
579,MSN
26,COS
991,SCQ
499,KHH
178,PBI
638,MSN
73,DFW
797,SUX
94,TZX
857,BMI
54,HYD
82,EDW
595,DBQ
306,FFD
466,BGY
445,SRQ
408,DAY
397,CKG
147,BHX
897,CBR
347,SYR
735,KTW
800,BRS
11,LCA
1,BLQ
37,MHT
251,MOB
654,CCU
228,ADB
594,NDJ
225,CEB
620,DSA
2,DBQ
965,MLA
991,FTW
77,ABV
387,SKP
155,BGR
950,HAV
778,KZN
391,KUF
991,TBS
150,BRS
318,ZNZ
274,MFM
537,SKT
460,OVB
750,TZX
37,PVD
142,AMM
753,ADW
220,CNX
38,ABZ
251,AYT
837,BSB
243,NCL
76,MEL
643,ASB
294,OMA
124,BCN
928,BHM
269,ULN
324,LGW
147,ORY
646,OSL
99,DME
796,PUJ
963,DEL
862,BFI
270,NGB
429,WUH
472,DFW
620,AGP
211,AER
504,ICN
478,CIA
231,VKO
471,DLC
547,SUS
378,LIN
455,NGO
263,DJJ
206,BEG
480,LTK
883,BOS
354,HND
272,HRE
975,JNB
464,GDL
4,SUS
880,MBA
485,ACA
681,BAB
415,DOV
379,VNO
29,TOS
957,LXR
652,CRP
739,IKA
433,ABQ
597,BEL
175,BHD
55,DEN
303,BOD
722,TSN
868,FCO
943,SCL
202,DXB
328,BRS
710,WMI
342,AMM
152,HET
168,PIA
422,MAN
510,END
757,TCM
194,CCU
775,GSP
950,VRA
30,TRD
814,HRI
562,TSE
1,ISE
406,MTY
536,SVX
182,END
426,EZE
689,SNN
810,CLE
599,GUA
547,DKR
544,YYC
999,DCA
471,BFI
821,EXT
441,XIY
440,MVD
518,ARN
655,GOI
117,ALC
873,HAM
63,HAN
739,PAM
792,NKG
423,SFO
801,BZE
935,CCJ
606,UFA
160,DVO
953,BOG
686,BJV
83,SOQ
798,GSO
569,TNA
507,GDN
845,OTP
349,BFS
239,BNE
140,FAO
548,TSF
889,ALG
305,LEX
60,RST
159,CMN
859,TUN
528,ADA
179,YWG
408,NCL
915,LOS
307,MMX
466,RUH
907,BHX
228,BLL
63,HAJ
847,SPI
929,TAS
111,SUU
818,JNB
569,IAH
97,PHX
585,BDL
919,GCM
163,HKG
953,JFK
764,KWI
834,SOF
597,CHA
404,BRS
943,MHZ
823,FCO
271,POM
565,DMK
328,DUS
936,PUJ
903,TPE
903,LYS
252,CID
426,CTA
826,TFS
464,CWB
244,TRD
31,CAI
762,CGY
120,ESB
949,TNR
471,DTM
439,CAE
43,BEY
766,OKO
265,TXL
975,DVO
852,LAS
250,SSC
356,DSS
447,AER
272,KHV
395,OSN
527,DTW
269,REP
241,SKG
154,KJA
240,AKL
83,HRB
565,URC
443,HNL
205,LIT
88,SKP
232,CHS
628,JAX
854,QUO
4,AKL
527,SPI
719,SAW
647,CRK
752,VIE
20,MRS
195,BOO
802,BGW
332,FNA
645,HRK
663,GSB
678,GRV
441,TYS
935,PER
914,BNA
441,BLR
330,MAA
402,MGM
852,IST
339,SYD
220,PMI
473,BTS
802,MWX
115,MBA
538,LTK
432,CUZ
382,NGB
654,BNA
929,LBA
612,SXM
40,LXR
994,SZX
720,HAV
229,FAI
332,FWA
608,TNA
129,BAD
492,SGF
29,BUD
852,KJA
559,SPI
569,MMX
14,DJJ
911,WRO
305,CWL
673,BLV
590,ALC
223,VVI
357,SOU
428,DAY
331,NKC
721,VRN
692,LGW
314,SEZ
68,TUL
892,BOG
404,MSQ
935,HMO
590,HGH
286,ABZ
453,AYT
926,LPL
190,CMN
639,SBN
256,SYR
912,LEJ
32,ZRH
85,SEA
353,HTS
24,VCE
82,BEL
63,TIA
818,BTS
914,MPM
368,KAN
260,DOV
385,LPA
473,BIL
580,PFO
472,DLC
535,LJU
999,RNO
294,DMM
941,PHF
610,TSF
891,YHZ
361,SVG
882,SCQ
272,GIG
412,SPI
989,JFK
188,GUM
472,GDL
339,TLL
783,ATQ
697,FLL
54,SLC
198,TSE
765,YYZ
410,EWR
881,KOJ
684,BOO
727,KGL
474,SXM
832,NKG
448,GZT
360,RMS
444,AUS
606,ROA
250,END
187,GYD
457,DAR
572,LTX
483,SJD
166,BFS
523,GEG
585,XIY
852,RIC
279,PBI
783,BSL
606,YOW
900,DSS
596,BOO
621,LTK
864,HAM
707,CHA
726,PIT
583,ARN
171,TSF
294,XIY
782,MMX
733,BTS
271,KAN
394,CLT
760,TRV
306,BUD
131,DTM
485,VCE
45,PIA
463,DAR
781,VDA
73,TFN
852,EZE
574,MBA
771,LLA
476,BOI
861,ZAG
757,ALA
34,TIK
581,GSB
106,SUU
774,PUJ
572,ROA
791,AGS
159,GBE
657,SCQ
592,HET
874,PPT
459,ITM
439,SPI
871,BGY
508,ORD
318,IST
581,HRK
148,ESB
894,LOS
822,CNF
144,HRE
465,ZIA
581,CGN
777,ONT
881,AMA
59,ASB
6,MEX
63,MLA
795,LHR
450,ESB
83,OAK
126,TSF
244,ADA
793,BLA
516,NAS
970,IAH
59,PUS
778,PTY
555,CID
828,MBS
814,DOV
877,SYR
767,SSC
147,LXR
866,ONT
783,BEL
93,KHV
862,DSA
692,SYD
77,NBE
838,BRE
329,EZE
772,FLN
949,TYN
834,LBA
909,MEL
684,BWN
431,RAR
537,KIX
894,ORF
149,LHR
263,DJJ
49,BLV
756,PER
328,ALP
865,BMI
691,MDW
268,PTP
715,IND
919,MPM
115,HKG
407,MBS
451,LAS
648,ASB
632,CJU
587,BWN
404,KRT
150,SJU
